{"videos": {"_type": "video-file", "path": "media/videos/videos_4_21a5830938fcf0ca4df8.mp4", "sha256": "21a5830938fcf0ca4df858b3fcc56c5299c1436e9bdb17d98a39f268703265cf", "size": 92826}, "_runtime": 15, "_timestamp": 1632131518.4093056, "_step": 6, "global_step": 7914, "rollout/ep_len_mean": 3976.5, "rollout/ep_rew_mean": -19.875, "rollout/exploration rate": 0.05000000074505806, "time/fps": 814.0, "_wandb": {"runtime": 18}}