{"videos": {"_type": "video-file", "path": "media/videos/videos_499_8dac3bf957b4cb8da325.mp4", "sha256": "8dac3bf957b4cb8da3250fb49088a422f1b3cb9608a3921e22700b1b5da691da", "size": 85324}, "_runtime": 3031, "_timestamp": 1632172559.1671362, "_step": 808, "global_step": 999857, "rollout/ep_len_mean": 3250.97998046875, "rollout/ep_rew_mean": -20.889999389648438, "rollout/exploration rate": 0.05000000074505806, "time/fps": 330.0, "gradients/q_net.q_net.0.bias": {"_type": "histogram", "values": [1.0, 0.0, 0.0, 0.0, 0.0, 0.0, 0.0, 0.0, 0.0, 0.0, 0.0, 0.0, 0.0, 0.0, 0.0, 0.0, 0.0, 0.0, 0.0, 0.0, 1.0, 0.0, 1.0, 0.0, 0.0, 0.0, 0.0, 0.0, 0.0, 0.0, 0.0, 0.0, 0.0, 0.0, 0.0, 0.0, 0.0, 0.0, 0.0, 0.0, 0.0, 0.0, 0.0, 0.0, 0.0, 0.0, 0.0, 0.0, 0.0, 0.0, 1.0, 0.0, 0.0, 0.0, 0.0, 0.0, 0.0, 0.0, 0.0, 0.0, 1.0, 0.0, 0.0, 1.0], "bins": [-0.006022587418556213, -0.005946275778114796, -0.005869964137673378, -0.00579365249723196, -0.005717340856790543, -0.005641029216349125, -0.005564717575907707, -0.0054884059354662895, -0.005412094295024872, -0.005335782654583454, -0.0052594710141420364, -0.005183159373700619, -0.005106847733259201, -0.005030536092817783, -0.004954224452376366, -0.004877912811934948, -0.00480160117149353, -0.004725289531052113, -0.004648977890610695, -0.004572666250169277, -0.0044963546097278595, -0.004420042969286442, -0.004343731328845024, -0.004267419688403606, -0.004191108047962189, -0.004114796407520771, -0.004038484767079353, -0.003962173126637936, -0.003885861486196518, -0.0038095498457551003, -0.0037332382053136826, -0.003656926564872265, -0.003580614924430847, -0.0035043032839894295, -0.0034279916435480118, -0.003351680003106594, -0.0032753683626651764, -0.0031990567222237587, -0.003122745081782341, -0.0030464334413409233, -0.0029701218008995056, -0.002893810160458088, -0.0028174985200166702, -0.0027411868795752525, -0.002664875239133835, -0.002588563598692417, -0.0025122519582509995, -0.0024359403178095818, -0.002359628677368164, -0.0022833170369267464, -0.0022070053964853287, -0.002130693756043911, -0.0020543821156024933, -0.0019780704751610756, -0.001901758834719658, -0.0018254471942782402, -0.0017491355538368225, -0.0016728239133954048, -0.0015965122729539871, -0.0015202006325125694, -0.0014438889920711517, -0.001367577351629734, -0.0012912657111883163, -0.0012149540707468987, -0.001138642430305481]}, "gradients/q_net.q_net.0.weight": {"_type": "histogram", "values": [3.0, 1.0, 1.0, 2.0, 0.0, 2.0, 1.0, 2.0, 9.0, 3.0, 1.0, 0.0, 2.0, 3.0, 5.0, 2.0, 9.0, 7.0, 6.0, 8.0, 12.0, 7.0, 10.0, 22.0, 14.0, 8.0, 13.0, 14.0, 17.0, 12.0, 15.0, 17.0, 24.0, 16.0, 20.0, 17.0, 19.0, 17.0, 16.0, 11.0, 13.0, 18.0, 10.0, 23.0, 10.0, 17.0, 19.0, 15.0, 19.0, 29.0, 25.0, 35.0, 28.0, 47.0, 51.0, 52.0, 56.0, 34.0, 26.0, 17.0, 16.0, 4.0, 2.0, 2138.0], "bins": [-0.0008218594593927264, -0.0008090179180726409, -0.0007961763767525554, -0.0007833347772248089, -0.0007704932359047234, -0.0007576516945846379, -0.0007448101532645524, -0.0007319685537368059, -0.0007191270124167204, -0.0007062854710966349, -0.0006934439297765493, -0.0006806023302488029, -0.0006677607889287174, -0.0006549192476086318, -0.0006420777062885463, -0.0006292361067607999, -0.0006163945654407144, -0.0006035530241206288, -0.0005907114828005433, -0.0005778698832727969, -0.0005650283419527113, -0.0005521868006326258, -0.0005393452593125403, -0.0005265036597847939, -0.0005136621766723692, -0.0005008206353522837, -0.00048797906492836773, -0.0004751375236082822, -0.0004622959531843662, -0.0004494544118642807, -0.0004366128705441952, -0.0004237713001202792, -0.0004109297296963632, -0.0003980881883762777, -0.0003852466179523617, -0.0003724050766322762, -0.0003595635062083602, -0.00034672196488827467, -0.00033388042356818914, -0.00032103885314427316, -0.0003081972827203572, -0.00029535574140027165, -0.00028251417097635567, -0.00026967262965627015, -0.00025683105923235416, -0.00024398951791226864, -0.00023114796204026788, -0.00021830640616826713, -0.0002054648648481816, -0.00019262330897618085, -0.0001797817531041801, -0.00016694021178409457, -0.0001540986413601786, -0.00014125710004009306, -0.0001284155441680923, -0.00011557398829609156, -0.0001027324324240908, -8.989087655209005e-05, -7.70493206800893e-05, -6.420777208404616e-05, -5.13662162120454e-05, -3.852466034004465e-05, -2.5683111744001508e-05, -1.2841555872000754e-05, 0.0]}, "gradients/q_net.features_extractor.linear.0.bias": {"_type": "histogram", "values": [356.0, 0.0, 0.0, 0.0, 0.0, 0.0, 0.0, 0.0, 0.0, 0.0, 0.0, 0.0, 0.0, 0.0, 0.0, 0.0, 0.0, 0.0, 0.0, 0.0, 1.0, 0.0, 0.0, 0.0, 0.0, 1.0, 0.0, 1.0, 0.0, 0.0, 0.0, 1.0, 2.0, 4.0, 0.0, 8.0, 3.0, 5.0, 7.0, 4.0, 3.0, 6.0, 5.0, 9.0, 1.0, 5.0, 8.0, 7.0, 8.0, 8.0, 6.0, 3.0, 9.0, 10.0, 7.0, 4.0, 1.0, 3.0, 4.0, 3.0, 4.0, 3.0, 0.0, 2.0], "bins": [0.0, 2.7264193704468198e-05, 5.4528387408936396e-05, 8.1792582932394e-05, 0.00010905677481787279, 0.0001363209739793092, 0.000163585165864788, 0.0001908493577502668, 0.00021811354963574558, 0.0002453777415212244, 0.0002726419479586184, 0.00029990612529218197, 0.000327170331729576, 0.00035443453816697, 0.0003816987155005336, 0.00040896289283409715, 0.00043622709927149117, 0.0004634913057088852, 0.0004907554830424488, 0.0005180196603760123, 0.0005452838959172368, 0.0005725480732508004, 0.0005998122505843639, 0.0006270764861255884, 0.000654340663459152, 0.0006816048407927155, 0.00070886907633394, 0.0007361332536675036, 0.0007633974310010672, 0.0007906616665422916, 0.0008179258438758552, 0.0008451900212094188, 0.0008724541985429823, 0.0008997183758765459, 0.0009269826114177704, 0.000954246788751334, 0.0009815109660848975, 0.001008775201626122, 0.0010360393207520247, 0.0010633035562932491, 0.0010905677918344736, 0.001117832027375698, 0.0011450961465016007, 0.0011723603820428252, 0.0011996246175840497, 0.0012268887367099524, 0.0012541529722511768, 0.0012814172077924013, 0.001308681326918304, 0.0013359455624595284, 0.001363209681585431, 0.0013904739171266556, 0.00141773815266788, 0.0014450022717937827, 0.0014722665073350072, 0.0014995306264609098, 0.0015267948620021343, 0.0015540590975433588, 0.0015813232166692615, 0.001608587452210486, 0.0016358516877517104, 0.001663115806877613, 0.0016903800424188375, 0.001717644277960062, 0.0017449083970859647]}, "gradients/q_net.features_extractor.linear.0.weight": {"_type": "histogram", "values": [0.0, 0.0, 0.0, 0.0, 0.0, 0.0, 0.0, 0.0, 0.0, 0.0, 0.0, 0.0, 0.0, 0.0, 0.0, 0.0, 0.0, 0.0, 0.0, 0.0, 0.0, 0.0, 0.0, 0.0, 0.0, 0.0, 0.0, 0.0, 0.0, 0.0, 0.0, 0.0, 1605632.0, 0.0, 0.0, 0.0, 0.0, 0.0, 0.0, 0.0, 0.0, 0.0, 0.0, 0.0, 0.0, 0.0, 0.0, 0.0, 0.0, 0.0, 0.0, 0.0, 0.0, 0.0, 0.0, 0.0, 0.0, 0.0, 0.0, 0.0, 0.0, 0.0, 0.0, 0.0], "bins": [0.0, 0.0, 0.0, 0.0, 0.0, 0.0, 0.0, 0.0, 0.0, 0.0, 0.0, 0.0, 0.0, 0.0, 0.0, 0.0, 0.0, 0.0, 0.0, 0.0, 0.0, 0.0, 0.0, 0.0, 0.0, 0.0, 0.0, 0.0, 0.0, 0.0, 0.0, 0.0, 0.0, 0.0, 0.0, 0.0, 0.0, 0.0, 0.0, 0.0, 0.0, 0.0, 0.0, 0.0, 0.0, 0.0, 0.0, 0.0, 0.0, 0.0, 0.0, 0.0, 0.0, 0.0, 0.0, 0.0, 0.0, 0.0, 0.0, 0.0, 0.0, 0.0, 0.0, 0.0, 0.0]}, "gradients/q_net.features_extractor.cnn.4.bias": {"_type": "histogram", "values": [0.0, 0.0, 0.0, 0.0, 0.0, 0.0, 0.0, 0.0, 0.0, 0.0, 0.0, 0.0, 0.0, 0.0, 0.0, 0.0, 0.0, 0.0, 0.0, 0.0, 0.0, 0.0, 0.0, 0.0, 0.0, 0.0, 0.0, 0.0, 0.0, 0.0, 0.0, 0.0, 64.0, 0.0, 0.0, 0.0, 0.0, 0.0, 0.0, 0.0, 0.0, 0.0, 0.0, 0.0, 0.0, 0.0, 0.0, 0.0, 0.0, 0.0, 0.0, 0.0, 0.0, 0.0, 0.0, 0.0, 0.0, 0.0, 0.0, 0.0, 0.0, 0.0, 0.0, 0.0], "bins": [0.0, 0.0, 0.0, 0.0, 0.0, 0.0, 0.0, 0.0, 0.0, 0.0, 0.0, 0.0, 0.0, 0.0, 0.0, 0.0, 0.0, 0.0, 0.0, 0.0, 0.0, 0.0, 0.0, 0.0, 0.0, 0.0, 0.0, 0.0, 0.0, 0.0, 0.0, 0.0, 0.0, 0.0, 0.0, 0.0, 0.0, 0.0, 0.0, 0.0, 0.0, 0.0, 0.0, 0.0, 0.0, 0.0, 0.0, 0.0, 0.0, 0.0, 0.0, 0.0, 0.0, 0.0, 0.0, 0.0, 0.0, 0.0, 0.0, 0.0, 0.0, 0.0, 0.0, 0.0, 0.0]}, "gradients/q_net.features_extractor.cnn.4.weight": {"_type": "histogram",